{"category":{"0":"burglary","1":"crash","2":"fire","3":"invasion","4":"murder","5":"robbery","6":"shooting","7":"stabbing"},"incedent_num":{"0":8,"1":23,"2":20,"3":5,"4":50,"5":11,"6":96,"7":4},"death_num":{"0":0.0,"1":87.0,"2":46.0,"3":2.0,"4":109.0,"5":1.0,"6":208.0,"7":4.0},"mean_death_num":{"0":0.0,"1":3.7826086957,"2":2.3,"3":0.4,"4":2.18,"5":0.0909090909,"6":2.1666666667,"7":1.0},"false_alarm":{"0":0.0,"1":0.0,"2":0.0,"3":0.0,"4":0.0,"5":0.0,"6":0.0,"7":0.0},"clusters":{"0":[3,3,4,3,3,3,4,3],"1":[3,2,3,3,6,3,3,1,1,3,1,1,6,6,-1,-1,10,1,3,3,1,1,1],"2":[2,0,1,1,1,1,6,0,3,0,4,3,-1,3,3,3,3,10,10,6],"3":[4,4,0,3,0],"4":[1,1,0,6,1,0,5,-1,0,1,1,5,5,1,0,0,1,0,0,0,1,0,1,0,0,0,6,0,1,1,0,0,0,1,10,0,0,-1,5,3,0,0,1,1,1,0,1,0,1,3],"5":[3,4,0,3,3,3,3,3,3,3,3],"6":[1,0,0,1,0,3,0,1,1,1,1,0,0,3,0,3,3,0,2,0,-1,8,8,6,3,0,0,0,3,0,5,0,3,0,6,3,1,3,6,6,6,6,0,3,3,0,1,3,0,0,0,-1,-1,-1,1,1,0,0,0,3,0,3,0,0,0,3,3,3,0,0,3,0,3,0,0,0,6,0,0,0,0,0,0,0,0,3,0,1,3,3,3,0,0,1,1,-1],"7":[0,0,1,3]},"max_cluster":{"0":3,"1":[1,3],"2":3,"3":[0,4],"4":0,"5":3,"6":0,"7":0}}